BA2375R	35a86153-d2c8-43c8-b220-9886de435c92/245a74cf-4697-48b7-95a2-605d8ae84074.rna_seq.genomic.gdc_realn.bam	BA2375R_2330
BA2412R	0e7faf85-f02f-42ba-95d3-7496aeb200fb/ca1cf029-d60d-413c-b89b-98c5b3d22a92.rna_seq.genomic.gdc_realn.bam	BA2412R_2260
BA2454R	e408c715-1e5b-4255-924b-43dfa4dbdd72/dc8d6449-6159-4581-94b8-e640b34838ec.rna_seq.genomic.gdc_realn.bam	BA2454R_2234
BA2000R	f1f7bcb3-81ba-403c-83d0-945167e2a287/253156a3-4ab2-4acf-86e6-01f7e382cd47.rna_seq.genomic.gdc_realn.bam	Other AML No Mut
BA2003R	6452d27c-7547-403d-bf96-3821abec59b2/abb6f082-cd73-455f-964d-05a8f3312e04.rna_seq.genomic.gdc_realn.bam	Other AML No Mut
BA2004R	f3889a09-23a0-446c-abc0-16263505237b/6cdcbca5-81e5-4e26-8c1d-6c458cbc51cb.rna_seq.genomic.gdc_realn.bam	Other AML No Mut
BA2006R	5553a79e-843a-47a8-a8a9-135221cb2e61/ae9760b6-252b-444c-bc4b-cd160b89e970.rna_seq.genomic.gdc_realn.bam	Other AML No Mut
BA2011R	b8b2e5c3-70fa-4f76-a54a-8a1859328e42/2737ce86-0ad6-4832-bdf1-f20b7467be07.rna_seq.genomic.gdc_realn.bam	Other AML No Mut
BA2019R	3e2d03ca-026e-40db-9364-32b4a08f4d27/610c1fb8-3b7d-4319-beb1-6f0b6ee8b716.rna_seq.genomic.gdc_realn.bam	Other AML No Mut
BA2020R	e385415c-ed75-4548-b502-f447ecb3f8a6/f6128f7e-829f-4236-a230-33a13c2cd3af.rna_seq.genomic.gdc_realn.bam	Other AML No Mut
BA2022R	10b02f89-b560-4581-8c96-bdd7e5c8d958/54796eef-573b-4833-a458-7ed81b8c7741.rna_seq.genomic.gdc_realn.bam	Other AML No Mut
BA2023R	c561cae5-23d7-44e2-966f-39b9a94dc2ca/2102814e-f397-4d4b-abb1-7bd89ae2f6ce.rna_seq.genomic.gdc_realn.bam	Other AML No Mut
BA2024R	0b9d7be5-0af8-44e1-8591-60b45cc49c17/bc804352-980f-4cf7-a105-ee05a4bec5e4.rna_seq.genomic.gdc_realn.bam	Other AML No Mut
BA2025R	598a1658-362b-41b7-a8d1-31dc8bb3c888/a6787605-d113-4b39-b9fd-3f4cb87fda96.rna_seq.genomic.gdc_realn.bam	Other AML No Mut
BA2031R	8a3dfd52-eb80-48c1-95af-705eafa348a4/1ed40291-28a4-4d92-b494-f6393945db5a.rna_seq.genomic.gdc_realn.bam	Other AML No Mut
BA2032R	553657a7-ee89-425e-b22f-c84394dbb4dc/8dde8a08-99f1-400a-b05b-0e2b06b9a490.rna_seq.genomic.gdc_realn.bam	Other AML No Mut
BA2033R	ab6b067f-939a-433f-91ac-a5ba26152ddf/a5906321-f56c-48b3-94d6-f971d2e37983.rna_seq.genomic.gdc_realn.bam	Other AML No Mut
BA2034R	83c7f61f-b407-4930-a85d-8c8b55ce52ae/29fd90ab-311e-428b-959e-e0e0febf85f2.rna_seq.genomic.gdc_realn.bam	Other AML No Mut
BA2035R	53fb3e4e-8bc7-4593-94ad-3b22439405ba/6ff52d7f-9885-4093-980c-87a4cf8d709b.rna_seq.genomic.gdc_realn.bam	Other AML No Mut
BA2036R	0895ce91-7251-4730-83ab-075809a3ed2a/92384dec-ff89-45e2-8917-1bb2ba16d935.rna_seq.genomic.gdc_realn.bam	Other AML No Mut
BA2037R	c59e4912-e8bd-46ac-8ed7-640dfb16721a/ff088a0d-906d-462f-b865-49a250e2eac4.rna_seq.genomic.gdc_realn.bam	Other AML No Mut
BA2041R	6bf831d7-3aa1-4a72-948f-37666d06396e/24de469d-5fd9-44d1-8c43-35414ba1f198.rna_seq.genomic.gdc_realn.bam	Other AML No Mut
BA2044R	13b612f6-53c5-48c2-94c4-0057408828e2/97087f1b-2fa4-4e72-9858-4b8677a8c829.rna_seq.genomic.gdc_realn.bam	Other AML No Mut
BA2046R	51065f5d-17b8-4376-9cac-73a831b0cb9e/eced1d88-3f8c-49db-980e-a992a9e35bf2.rna_seq.genomic.gdc_realn.bam	Other AML No Mut
BA2047R	0b9f1462-5d5e-43b8-a15f-19f9385ea1a2/ebab93c4-df4c-4c85-9620-ab1422c97aed.rna_seq.genomic.gdc_realn.bam	Other AML No Mut
BA2050R	c8092cae-0051-4b6f-b2a0-f66529e5bba6/bb84f190-64de-4177-885b-a56045ce24de.rna_seq.genomic.gdc_realn.bam	Other AML No Mut
BA2051R	7d74e85d-3014-4662-b539-d46b23a65afe/c5d0c549-89d5-475a-8da0-b983565870dc.rna_seq.genomic.gdc_realn.bam	Other AML No Mut
BA2052R	d7063e38-c6ad-43b7-8255-ecaebf126d5f/9943b083-a583-4cc3-addd-d353c9a3fab6.rna_seq.genomic.gdc_realn.bam	Other AML No Mut
BA2053R	7681d542-543f-4499-9d10-e2f736b2d6de/9746b990-b82b-494c-b6fd-08078ff7515a.rna_seq.genomic.gdc_realn.bam	Other AML No Mut
BA2054R	93b89d18-2819-4de3-9598-b56f321fdabc/227948da-b358-4180-ad6a-39382998ca3f.rna_seq.genomic.gdc_realn.bam	Other AML No Mut
BA2055R	071b81e9-bf49-4960-939e-9cc6e4a70157/5706bb40-c91e-4056-80f0-da6b137e2c6d.rna_seq.genomic.gdc_realn.bam	Other AML No Mut
BA2063R	4f13e2b4-0638-41ac-b68e-30ea98176d42/60751430-fbfa-4e90-a10b-c10a15a8619f.rna_seq.genomic.gdc_realn.bam	Other AML No Mut
BA2065R	9e76d39f-3fe3-44bb-8836-576132e85113/cdba9656-7be8-457b-9193-ef819c35ed3d.rna_seq.genomic.gdc_realn.bam	Other AML No Mut
BA2066R	f56afe58-3231-4e7e-a776-97ee277c7bf6/97102a6d-1ac1-4ab8-ae6a-09b6c736be14.rna_seq.genomic.gdc_realn.bam	Other AML No Mut
BA2068R	eb29aa97-2297-4ade-aa4b-5b7c81e17b3d/1abe9f36-010b-4f4c-905a-b12e0bf89af8.rna_seq.genomic.gdc_realn.bam	Other AML No Mut
BA2069R	a4278bd0-3535-4913-983e-2361881a1ed1/480af172-91bf-4cb4-a148-afd16a7a6293.rna_seq.genomic.gdc_realn.bam	Other AML No Mut
BA2072R	f237f2a5-330c-4df2-8776-a353044bf647/dab82b88-6156-4fbb-bb2b-1b858221bb3a.rna_seq.genomic.gdc_realn.bam	Other AML No Mut
BA2079R	8cb60171-6593-48ce-a2ee-73300eac17b6/fa4f3da2-1a15-497c-a3b1-fa19b03c86af.rna_seq.genomic.gdc_realn.bam	Other AML No Mut
BA2080R	734c0bc3-0710-4c78-9898-81ed9e7c9cf1/4885d8f6-ff43-4177-957b-c79cc7bfd11c.rna_seq.genomic.gdc_realn.bam	Other AML No Mut
BA2081R	22dc16df-b036-4950-b391-759919c3947c/f4cf11cb-c899-4ff1-ac1b-049406c477ee.rna_seq.genomic.gdc_realn.bam	Other AML No Mut
BA2082R	f2ef6140-43c5-468d-a5d8-1ebe4f6ee9ae/cb841422-25ae-405e-bc80-84a8b977d494.rna_seq.genomic.gdc_realn.bam	Other AML No Mut
BA2087R	e58154ad-e645-490b-b449-531cc2b35e9e/e4c89988-b406-43ae-8bcc-8609e6fa5e6f.rna_seq.genomic.gdc_realn.bam	Other AML No Mut
BA2088R	c9dd00d1-a570-4b9c-82c8-1abef37e9ff2/b1027d23-55ab-46a3-b70d-a54890971027.rna_seq.genomic.gdc_realn.bam	Other AML No Mut
BA2089R	1bf83135-7c4c-41fa-aa82-706c2c3ca7eb/003864fd-8c73-45cb-b347-a202d290588b.rna_seq.genomic.gdc_realn.bam	Other AML No Mut
BA2093R	7c35b496-a107-4799-a23d-9941da112e5c/cd0093fe-0759-4024-b025-4f7bf6e57800.rna_seq.genomic.gdc_realn.bam	Other AML No Mut
BA2094R	ee54135c-e6d7-4e9f-93e8-78bbe9555a96/5d6b7a6b-3c13-45e0-a77d-58e9b7c85771.rna_seq.genomic.gdc_realn.bam	Other AML No Mut
BA2095R	6a037e0a-7734-47bd-be16-d2dc8a432d43/4c54cae7-fc1e-49b4-9222-951bdf3c8072.rna_seq.genomic.gdc_realn.bam	Other AML No Mut
BA2096R	d8cda999-8156-4eb5-b641-b95e31b9bc40/60a1e1f9-f35e-421b-b7d5-1659648508d4.rna_seq.genomic.gdc_realn.bam	Other AML No Mut
BA2097R	d6c2b051-9db0-4358-ba94-c81df6f3cd82/c08b2fce-2dea-437a-891d-81ca44cad5e1.rna_seq.genomic.gdc_realn.bam	Other AML No Mut
BA2098R	d1c9914d-33a0-44bc-9232-4c4a734e0716/6463db42-91e3-4a3a-b86d-de2e4ea0dc67.rna_seq.genomic.gdc_realn.bam	Other AML No Mut
BA2100R	ea9ef559-5797-4804-882b-efbc51d385c0/499b6b79-5d1d-4146-b596-a2a8628e8c34.rna_seq.genomic.gdc_realn.bam	Other AML No Mut
BA2101R	48444c9a-ce38-4215-ac3e-f8008352ca80/65bb002a-1e16-4e8f-ad45-807f59dd524e.rna_seq.genomic.gdc_realn.bam	Other AML No Mut
BA2104R	9f0c306b-f11a-4e0b-8946-249920a15fc6/b94e2e27-f42f-43aa-b042-f049351091a1.rna_seq.genomic.gdc_realn.bam	Other AML No Mut
BA2106R	1dc61a01-7c2e-4978-818a-47c514c26d03/5d221512-0abb-4e46-b17b-ef20f3419782.rna_seq.genomic.gdc_realn.bam	Other AML No Mut
BA2109R	1bfc5389-212b-46ca-8839-2dcd6cfc10b4/b9c6d5a3-9726-4793-9d16-517434ef8f20.rna_seq.genomic.gdc_realn.bam	Other AML No Mut
BA2110R	c794b248-8f3e-46f5-b3e6-bb487fa617a4/aa58bd11-fa51-4385-a63d-2a00efc5aab3.rna_seq.genomic.gdc_realn.bam	Other AML No Mut
BA2113R	6bc3947a-d2c7-4fef-88c7-f86f895f2ef2/f137394b-6086-4de3-b2ee-7c5d66f120c8.rna_seq.genomic.gdc_realn.bam	Other AML No Mut
BA2116R	257f1aaf-64fb-4b62-bdc7-8fd711b70e30/db16273e-c74c-44e0-a227-1b56f28c0dfc.rna_seq.genomic.gdc_realn.bam	Other AML No Mut
BA2121R	b92e1250-3310-4527-894e-e5470a9509be/bdb210fa-7665-40fe-97e6-306a3624d57d.rna_seq.genomic.gdc_realn.bam	Other AML No Mut
BA2122R	26ee0cf8-251d-4875-8391-fc830e3db054/d9a6fb4e-802a-4b1a-93c2-0af76dd41f9c.rna_seq.genomic.gdc_realn.bam	Other AML No Mut
BA2123R	55cebda6-4021-439a-98cc-4e04702614af/9c70490e-3cf5-4cf7-82e4-82e1a894c835.rna_seq.genomic.gdc_realn.bam	Other AML No Mut
BA2124R	a9ca24cd-6950-4417-b68b-4e1fd50a9566/5efea546-0251-4226-b23e-c41961927e6a.rna_seq.genomic.gdc_realn.bam	Other AML No Mut
BA2125R	fcaf4cc8-7bcc-4878-a5b5-d59c396022de/87de02ae-9ed2-4b5a-b626-a0e5a9450621.rna_seq.genomic.gdc_realn.bam	Other AML No Mut
BA2132R	c82bebaf-fe29-4e3f-b314-4d5a3294bea6/0d8198ed-41a6-4759-a773-a12168ef4928.rna_seq.genomic.gdc_realn.bam	Other AML No Mut
BA2133R	5285d511-2787-4b56-99f7-91d8cee396fd/ee42c2e6-4463-4d6b-9029-eb0f57d20a97.rna_seq.genomic.gdc_realn.bam	Other AML No Mut
BA2134R	c0a21be4-e8cd-4d0a-b15a-d27efdf19ccc/0155c7ef-776a-4edb-ad25-0d3099f04f91.rna_seq.genomic.gdc_realn.bam	Other AML No Mut
BA2135R	e956c4d5-451b-408c-8d98-0f8101360358/075fefd5-baa4-4fa8-a25c-3128e24e13dd.rna_seq.genomic.gdc_realn.bam	Other AML No Mut
BA2139R	1ae8c71f-2430-4f95-a190-758c99907123/d711f34f-5224-448a-a6b2-aa2286747844.rna_seq.genomic.gdc_realn.bam	Other AML No Mut
BA2148R	67636865-d128-410c-bdf7-243f0539ef5f/b72b6327-8a18-4789-9b99-ded7c7d5d856.rna_seq.genomic.gdc_realn.bam	Other AML No Mut
BA2153R	53fbd453-de88-4384-a79f-a5227ec41fb2/33a0ac80-686f-46b2-9ba1-ecbb544e208b.rna_seq.genomic.gdc_realn.bam	Other AML No Mut
BA2155R	73560ef8-4b60-4025-a73e-bd5a95695572/88b7bd7a-c64e-43e9-bbfa-7d4e3a14d996.rna_seq.genomic.gdc_realn.bam	Other AML No Mut
BA2156R	e406a36f-6f27-4f36-aeec-acc74b00c179/91977038-037a-4d59-a71a-df703d24e684.rna_seq.genomic.gdc_realn.bam	Other AML No Mut
BA2162R	9bb22a89-ce3a-4767-819f-ea2d3f07f1e2/f7e8c8a0-88f9-4866-87b8-4dca7c5af6dd.rna_seq.genomic.gdc_realn.bam	Other AML No Mut
BA2163R	bda30273-da9c-4e45-81d2-7434fda6c2bc/ca5fabfd-e39f-4f62-af09-7e487db3aa9a.rna_seq.genomic.gdc_realn.bam	Other AML No Mut
BA2168R	0d2be537-7c98-46b4-a790-920751418cdd/4ddc4fcd-eb97-45fa-bc70-5b1a81e95453.rna_seq.genomic.gdc_realn.bam	Other AML No Mut
BA2169R	7dbc757f-5fcf-48af-8c91-965e3005a80f/f2c7c513-ec96-4683-a2fe-e5c18cad3772.rna_seq.genomic.gdc_realn.bam	Other AML No Mut
BA2171R	3e13c638-fc95-4873-ac75-01c478e0eee6/aaaec877-5da4-4494-a76e-0f808c8b03fa.rna_seq.genomic.gdc_realn.bam	Other AML No Mut
BA2172R	74ba6428-c349-4c46-b2a3-86f2b2ca8471/d050b96c-1885-4e4c-8d6c-78b052459938.rna_seq.genomic.gdc_realn.bam	Other AML No Mut
BA2174R	7f448750-2027-452b-a858-badd829760c4/e47fa16c-cd5b-4589-8c6e-88616584b022.rna_seq.genomic.gdc_realn.bam	Other AML No Mut
BA2175R	f5f99ae9-df91-4c3d-84d2-50f9bb85e645/86b7733a-5fe4-44b3-aa71-2189e8643530.rna_seq.genomic.gdc_realn.bam	Other AML No Mut
BA2184R	d998d9cc-96a5-40b8-87d9-6d803a03ba1e/c3d0e1af-6482-4950-aa17-86c3b65defd6.rna_seq.genomic.gdc_realn.bam	Other AML No Mut
BA2195R	6bd2b405-a1e9-4f0f-a607-e613fa63ae26/3e912fcd-cdd5-477e-8b51-9be6b1797187.rna_seq.genomic.gdc_realn.bam	Other AML No Mut
BA2198R	c564a0bb-78c7-4aee-8648-d5b495b05730/a8e725fe-e26a-49c7-aa99-29281d173df5.rna_seq.genomic.gdc_realn.bam	Other AML No Mut
BA2200R	4b491bd4-4fee-4153-a352-7c6becb048a3/1a59622b-8af6-46c2-9f75-aa5dd50a99b2.rna_seq.genomic.gdc_realn.bam	Other AML No Mut
BA2201R	da6d774b-45a9-4ca0-adba-0c1ceb411b55/6052fd14-3af1-4822-8ad4-e1e433a09114.rna_seq.genomic.gdc_realn.bam	Other AML No Mut
BA2209R	b57eb188-ea46-40ef-bc3d-8db55815eb7f/dfa09764-2ee9-4f98-8ac0-724abc0b177f.rna_seq.genomic.gdc_realn.bam	Other AML No Mut
BA2211R	ac9b0bba-4814-4f53-9bc2-8453fead436f/40609cb0-6463-48a0-94b0-1f3eeaad01df.rna_seq.genomic.gdc_realn.bam	Other AML No Mut
BA2212R	f03d9d55-1973-45c2-9f6f-ef2324269c97/916b831e-6f6f-487b-9163-5393b397440d.rna_seq.genomic.gdc_realn.bam	Other AML No Mut
BA2217R	1bea6e3d-0673-4e28-b4f3-aca7ae0c756a/0b03d546-cd09-40ea-abee-c31f795943c9.rna_seq.genomic.gdc_realn.bam	Other AML No Mut
BA2218R	4c4e187d-9dc4-4828-b65e-0646b50a1fb5/765bc8c0-d0ee-4984-be70-185cfc997ab6.rna_seq.genomic.gdc_realn.bam	Other AML No Mut
BA2220R	24991860-c0e9-4c42-b452-510f305a716f/9ab989d3-5c8d-4ca5-9d0a-a801bf923a43.rna_seq.genomic.gdc_realn.bam	Other AML No Mut
BA2221R	be9d03ee-ad9f-4ed8-9d98-68e388bb59b0/04a87d93-958f-49dd-9f46-07253274d16a.rna_seq.genomic.gdc_realn.bam	Other AML No Mut
BA2224R	4a2ef3a7-418c-4c81-a155-6f5239d7a842/20f3b824-5746-40fe-bc2c-7d9ce1fbb714.rna_seq.genomic.gdc_realn.bam	Other AML No Mut
BA2226R	6979014f-9f6e-4e77-9292-92717ff4f2f5/fdd8eab3-af1b-423d-9349-1de531876d2d.rna_seq.genomic.gdc_realn.bam	Other AML No Mut
BA2227R	397705ed-2b94-4498-b185-4e31e14a5c4a/68d322b3-ced6-4b73-8306-6062fb10bcb7.rna_seq.genomic.gdc_realn.bam	Other AML No Mut
BA2228R	b132cbff-2f4f-42b3-9933-45e817c7eccb/0360bce6-b811-4021-b76a-4ec9bf7a404e.rna_seq.genomic.gdc_realn.bam	Other AML No Mut
BA2229R	33d5a729-a7cf-4409-950d-35115cdd8792/e2fca6f7-db8a-4343-9057-740dcd4a75f9.rna_seq.genomic.gdc_realn.bam	Other AML No Mut
BA2233R	0f671537-2a28-4fc5-a609-f61406b55370/a4a79d61-706a-4f0d-ae50-57def4706ea6.rna_seq.genomic.gdc_realn.bam	Other AML No Mut
BA2234R	94283afa-fb85-4b89-bf14-4661c32f1a8f/433c8115-1cbd-4e3c-894d-f61c323f3a35.rna_seq.genomic.gdc_realn.bam	Other AML No Mut
BA2235R	67e59c13-6a6c-49fe-972c-169f0da24266/e3148cbb-5e71-47b3-9858-871f27a0b4a8.rna_seq.genomic.gdc_realn.bam	Other AML No Mut
BA2236R	327f5d47-3cac-4a7f-90ce-ae6eb685adcc/7a47d141-908d-49c0-833e-10262c827ef4.rna_seq.genomic.gdc_realn.bam	Other AML No Mut
BA2239R	560d99c4-2639-4a5e-a917-91f99be49ac3/4980af6e-3c26-4fb6-977d-2d60a1d76dbd.rna_seq.genomic.gdc_realn.bam	Other AML No Mut
BA2240R	6eaeb317-975f-4306-99ef-bf492cd1829e/87ad4a47-26bb-4ca9-96cd-b96af12ff710.rna_seq.genomic.gdc_realn.bam	Other AML No Mut
BA2242R	f0101de2-3ecd-49b6-96b0-7117cd15d6fb/848a0ae6-a201-473a-861b-dfc66c0e1237.rna_seq.genomic.gdc_realn.bam	Other AML No Mut
BA2244R	a1079a46-25b1-4662-a05b-d9daefb41f64/44977951-a278-4463-a1af-2ef7f4e1aa71.rna_seq.genomic.gdc_realn.bam	Other AML No Mut
BA2245R	ff8db50a-4955-4774-90b8-0d9b4d0bd31c/7d9b6864-0edb-4536-ae8b-fe94f8711b4a.rna_seq.genomic.gdc_realn.bam	Other AML No Mut
BA2248R	7f21beba-2486-4ee8-9cf6-4f4d00a61096/4f1ca485-f2c5-4761-9e51-6c5629da0b92.rna_seq.genomic.gdc_realn.bam	Other AML No Mut
BA2249R	f730f001-46d2-4fa7-9830-c222337986f8/20937b4a-5fc6-4914-a900-9440aee105ad.rna_seq.genomic.gdc_realn.bam	Other AML No Mut
BA2251R	c11b9c3b-7834-44b8-aaa7-e0e84b27e523/25331adc-e304-425a-a55e-bc289afcd8f6.rna_seq.genomic.gdc_realn.bam	Other AML No Mut
BA2256R	b565b24a-0b0c-4dff-9e91-4728a9f1cefd/dadac46b-f8ae-4a6b-aa6f-8d6a4326f099.rna_seq.genomic.gdc_realn.bam	Other AML No Mut
BA2260R	182ba633-4af9-4670-b9b9-546801406f0e/f41d682e-8767-4ce7-beb6-55fee759c85d.rna_seq.genomic.gdc_realn.bam	Other AML No Mut
BA2261R	273429a9-2c95-40d1-bee0-e142e8b47c45/5a2426b3-dd67-4567-8e22-7507eafe5e09.rna_seq.genomic.gdc_realn.bam	Other AML No Mut
BA2269R	463489ee-4b25-4b7d-8344-092fa8e9a53c/c23e2afa-3f4a-4a2a-a8c7-2f27917acb2f.rna_seq.genomic.gdc_realn.bam	Other AML No Mut
BA2271R	f5538252-6587-44e8-bd23-c92317bc2be6/56df661a-f3e2-487d-b492-0e8a90d78ee5.rna_seq.genomic.gdc_realn.bam	Other AML No Mut
BA2272R	80f10b2f-190d-4178-ab87-b57500a10325/1e0cabf4-e813-4246-9879-5902a0cf6a9d.rna_seq.genomic.gdc_realn.bam	Other AML No Mut
BA2273R	e726646d-e57a-44d3-b633-e8efc15da023/a9a46a89-eb11-4341-aac8-493699d4f03b.rna_seq.genomic.gdc_realn.bam	Other AML No Mut
BA2275R	44781a25-850a-48ab-bead-9bb71a4ef51e/414f0f44-7e3f-433c-9cb7-cebb2b115ef8.rna_seq.genomic.gdc_realn.bam	Other AML No Mut
BA2276R	c1dfbb37-170c-49a4-a0b5-1787b20fb16f/2efc1fea-38be-4c16-ba36-89e1cb5668c9.rna_seq.genomic.gdc_realn.bam	Other AML No Mut
BA2277R	d3b05bd2-378e-4095-97c8-be5459dc08a6/df967d88-089e-4a99-a65e-16aaf8ad26dc.rna_seq.genomic.gdc_realn.bam	Other AML No Mut
BA2280R	4c6703bd-59f3-48b4-b746-4ea9d93849c2/c0325a47-41e6-4c68-8fc9-20b28cb97a55.rna_seq.genomic.gdc_realn.bam	Other AML No Mut
BA2281R	757edf92-55b9-44d2-ac14-9953ba3cc7e0/6f046aa6-a990-494f-bd7d-b8716635cc55.rna_seq.genomic.gdc_realn.bam	Other AML No Mut
BA2282R	e74b3a00-47dd-4d00-86eb-653eb6f23972/6945244c-6fe3-4ad1-8dc0-beb7e2806132.rna_seq.genomic.gdc_realn.bam	Other AML No Mut
BA2286R	a74583f5-2230-4a7b-bf7b-260b2dc624af/3b43edaf-d5eb-4bab-81c0-4bc0e9454732.rna_seq.genomic.gdc_realn.bam	Other AML No Mut
BA2288R	ff654b2a-99f1-4567-a0d1-0a36deb9bcd9/01da5f65-e850-4cdf-8061-a5ee7bcce5ec.rna_seq.genomic.gdc_realn.bam	Other AML No Mut
BA2292R	31ab5a8e-20d5-4fc7-a0e1-bcb0fc418a87/e0c0718f-bd3d-4421-879e-61201bc544ae.rna_seq.genomic.gdc_realn.bam	Other AML No Mut
BA2294R	3b3f3106-6e6b-4183-93a5-52fc9af2d022/6a01f100-34bc-48d4-9063-f7ebfae7fbfb.rna_seq.genomic.gdc_realn.bam	Other AML No Mut
BA2296R	2c6df4a5-d195-4f46-9fab-ef904fa0767c/9a558fcb-bd5c-4a87-a3c1-e2f794b220f6.rna_seq.genomic.gdc_realn.bam	Other AML No Mut
BA2300R	d67e3695-7629-4ef2-a9d1-1e67c3613158/72756525-3c5a-4fa6-bc37-e649835f488b.rna_seq.genomic.gdc_realn.bam	Other AML No Mut
BA2301R	b9029bac-3e97-423d-b527-ce0a2b1a2edd/12e02f15-97da-4274-8dc5-2a28b69b8374.rna_seq.genomic.gdc_realn.bam	Other AML No Mut
BA2302R	b09b031a-4440-4cc3-8eab-8e68821056c5/7b821d45-abd4-4e0f-bdc6-75165fc55426.rna_seq.genomic.gdc_realn.bam	Other AML No Mut
BA2304R	303b08bf-246f-41dc-8f84-bf3ac5c19f90/d20c5ea6-116f-4b76-a09a-69a010b48f15.rna_seq.genomic.gdc_realn.bam	Other AML No Mut
BA2306R	3983688c-b1bb-4865-917a-2b2ae9eb0232/f4007f17-61ba-44b7-baaa-d194eb29f120.rna_seq.genomic.gdc_realn.bam	Other AML No Mut
BA2308R	af06c8e5-3338-458c-99a3-ca240b27aecd/dcb157d4-0cad-489c-904d-27560c81aeb2.rna_seq.genomic.gdc_realn.bam	Other AML No Mut
BA2311R	c9275a85-fbe4-4aa7-86ae-eca7c045b627/18150a90-f800-404b-9318-4090f35ad5b1.rna_seq.genomic.gdc_realn.bam	Other AML No Mut
BA2312R	4718c8d4-aca4-41a4-803c-66ead3d02203/10eda9d9-0d29-44aa-b411-025c41184889.rna_seq.genomic.gdc_realn.bam	Other AML No Mut
BA2316R	b71461a0-a5e3-411b-aa67-cddc8b362265/1d7e61a7-4a5c-4bd0-930a-9a06f6fb7dd2.rna_seq.genomic.gdc_realn.bam	Other AML No Mut
BA2322R	d50c7ed2-a786-4295-9693-698c552e8dbc/2590f955-8c04-4635-a44a-fa1f192adb75.rna_seq.genomic.gdc_realn.bam	Other AML No Mut
BA2325R	71893c83-ec10-4407-839f-b1471a11f53c/072be146-439a-4b94-89f5-ec77d4f2d73b.rna_seq.genomic.gdc_realn.bam	Other AML No Mut
BA2329R	8ff85b29-bb6d-4887-844c-e234247b99cb/56d5994b-c81a-4d58-b380-d383166fcad5.rna_seq.genomic.gdc_realn.bam	Other AML No Mut
BA2334R	0b38bc9d-efb0-46fd-ba8a-ee16ab0acd1d/ff5bb04c-e6d8-400e-a7a2-131ef721d1ca.rna_seq.genomic.gdc_realn.bam	Other AML No Mut
BA2339R	49a8a9dd-5443-4da6-817b-749509db71fd/7658f9e9-ab48-4b7c-bc1a-548bd373a67f.rna_seq.genomic.gdc_realn.bam	Other AML No Mut
BA2344R	1d73aefa-7a9e-4977-a67f-7c925e98c24b/59357ca1-d091-4e6b-b695-ac6a008359f6.rna_seq.genomic.gdc_realn.bam	Other AML No Mut
BA2348R	154300f0-5abb-4066-a2e9-7794769f4587/35917755-b4e1-445e-850b-46881c3df872.rna_seq.genomic.gdc_realn.bam	Other AML No Mut
BA2350R	c9c158bb-3bbe-4779-bf2d-da164b51e7cc/12ee2fca-a1f5-44e0-997f-a303df8465b3.rna_seq.genomic.gdc_realn.bam	Other AML No Mut
BA2354R	7b5dd227-0ab7-4b4b-8ec0-2c5abd272b68/34858726-f369-4da0-95dd-01b7ad78dd6d.rna_seq.genomic.gdc_realn.bam	Other AML No Mut
BA2355R	25f1e6b5-b877-49e8-80eb-85745ac913dc/b074df19-fc32-4e01-92a8-556d17870674.rna_seq.genomic.gdc_realn.bam	Other AML No Mut
BA2357R	f9da7102-d7a3-4450-95e5-5be4c45a0942/44df59be-2d6e-45f6-a414-3e8201dfdff9.rna_seq.genomic.gdc_realn.bam	Other AML No Mut
BA2360R	5cdc4e9d-8c10-413a-a85f-9218dc18fbdb/f2bf8d18-a872-44d9-9848-33fb5ec60d49.rna_seq.genomic.gdc_realn.bam	Other AML No Mut
BA2361R	514bd1b7-312f-48ca-ac45-c1b6970d75bd/d3959d4a-9c86-4306-bbdd-d3a04664ba2b.rna_seq.genomic.gdc_realn.bam	Other AML No Mut
BA2363R	0a47ab11-fba9-45fa-b52a-5a9f2c74a42c/39cb844f-0d73-4307-9570-8ca464c257d7.rna_seq.genomic.gdc_realn.bam	Other AML No Mut
BA2369R	fe49dd23-2711-452b-ac4f-148a6ae95ff8/9953e262-e4ea-42df-826f-dba2bf620054.rna_seq.genomic.gdc_realn.bam	Other AML No Mut
BA2374R	42104ab2-e642-4f3e-bb7f-53c28ccf3ab6/ec77cef2-b06e-493e-8492-1f42cf493f4a.rna_seq.genomic.gdc_realn.bam	Other AML No Mut
BA2376R	e24c2d65-9e46-4ec6-bfbb-195937302f14/59918266-f8e6-4219-9bd6-19d3ef14878a.rna_seq.genomic.gdc_realn.bam	Other AML No Mut
BA2377R	8b56841c-7b62-4899-9bec-b69ecf25ca5a/cf931a8f-115d-40b0-85e7-7b9dff21e149.rna_seq.genomic.gdc_realn.bam	Other AML No Mut
BA2386R	029bfefb-c5ca-4402-8b6f-223b3b57ffc5/9a715d1e-0f3c-4579-bf80-41409ec85966.rna_seq.genomic.gdc_realn.bam	Other AML No Mut
BA2387R	1d3b2355-065e-4460-ac8c-ccb17c13a633/7388a6a1-5e83-4d2d-8191-bec550cfd5b7.rna_seq.genomic.gdc_realn.bam	Other AML No Mut
BA2394R	1a4cb70e-7be9-46ba-86b4-2e97bb743bce/1dee6ae5-035a-4d4f-a2cc-2d2c0dfd663e.rna_seq.genomic.gdc_realn.bam	Other AML No Mut
BA2399R	6ce65c94-52ff-4843-85dc-fc97e93ae447/74aaf577-7c8c-4231-aa2a-256ddf9538b4.rna_seq.genomic.gdc_realn.bam	Other AML No Mut
BA2400R	73f29049-a6e4-4db4-94bc-aed6bae99f08/632135b5-0919-4062-9a18-84a47fc80efd.rna_seq.genomic.gdc_realn.bam	Other AML No Mut
BA2402R	0f8d7a78-5682-488c-ad5f-b71fd14ebb7c/dba2105a-38f0-4b5e-bcbb-c9aedcbb38d6.rna_seq.genomic.gdc_realn.bam	Other AML No Mut
BA2405R	876aebf7-f824-4299-9f07-e1c3e2758699/0e7f5326-458e-4849-822d-b0d4e7684949.rna_seq.genomic.gdc_realn.bam	Other AML No Mut
BA2406R	a3efa540-4d7a-409a-bc35-7f9c869dfc0e/4e915177-ab77-4bfa-9596-e2fdcd10348c.rna_seq.genomic.gdc_realn.bam	Other AML No Mut
BA2409R	3c6720bd-7fb4-4f41-93bf-788510eb9513/0ed6686d-eba7-4e5c-837c-22e56bcc0da1.rna_seq.genomic.gdc_realn.bam	Other AML No Mut
BA2410R	fdf79c64-3152-4f67-8f37-03c3544ec449/ba72c674-d173-4907-9467-f08464495f5d.rna_seq.genomic.gdc_realn.bam	Other AML No Mut
BA2413R	2b67be41-22e8-43ae-837f-615d18015b9d/af22b16e-5780-41cd-b142-f8c219006545.rna_seq.genomic.gdc_realn.bam	Other AML No Mut
BA2414R	3db9ab68-44b4-42b6-a40a-ecfbfc42b60c/ae614ae1-dde6-4021-8351-3f5d11a26bf7.rna_seq.genomic.gdc_realn.bam	Other AML No Mut
BA2415R	8aa45553-8688-4460-8177-a91e1094a230/5e828aff-5896-4ef6-a512-141e8b79a313.rna_seq.genomic.gdc_realn.bam	Other AML No Mut
BA2417R	be418b29-4eb9-4162-9743-5ebb0a4375a8/2dd1fa5b-e612-4003-97db-f92e70339484.rna_seq.genomic.gdc_realn.bam	Other AML No Mut
BA2418R	82d47223-0925-48ea-b7f2-237eef1501eb/33950123-72ce-4254-931c-fafb43483113.rna_seq.genomic.gdc_realn.bam	Other AML No Mut
BA2420R	535240e9-9096-423c-ade6-9fe16e3109bd/0bcfdcc9-f530-4d3b-bec1-07ffd5c32ff6.rna_seq.genomic.gdc_realn.bam	Other AML No Mut
BA2421R	653c1c80-7723-46df-8815-ad6f2b2b5302/335fc845-875e-4a28-bdea-b42fc6d33ae3.rna_seq.genomic.gdc_realn.bam	Other AML No Mut
BA2423R	0c579c0e-e4b2-44c1-81eb-674d4abc0b79/05c1f5f4-6adf-4307-88ba-1c547c02c65b.rna_seq.genomic.gdc_realn.bam	Other AML No Mut
BA2425R	b48875ad-d7ed-48d4-af99-1704868b053d/52feb4cd-35c6-40c4-b828-a1c35d98cded.rna_seq.genomic.gdc_realn.bam	Other AML No Mut
BA2426R	d458b03c-0e91-4522-9bfc-2a5fa642ed2f/b7f5e11a-226e-44c2-b8c0-a2b93c9f6080.rna_seq.genomic.gdc_realn.bam	Other AML No Mut
BA2427R	99843618-a306-4127-9852-3362d3f0a983/6a8d621b-2c5d-4abb-8b7d-60052268685d.rna_seq.genomic.gdc_realn.bam	Other AML No Mut
BA2429R	601e6c7b-550a-4198-8685-ddd2ec261a66/359a8505-d440-4491-b3b4-dccfa62ed665.rna_seq.genomic.gdc_realn.bam	Other AML No Mut
BA2440R	69971a15-8806-43ae-9861-3bbac6ef0c3a/b3d54893-7db9-4b0a-b678-b618f2efa888.rna_seq.genomic.gdc_realn.bam	Other AML No Mut
BA2441R	91f9d41e-15f0-4afb-85d9-f68b690a7ebb/ca509a6d-cd53-4896-93d0-67075675b255.rna_seq.genomic.gdc_realn.bam	Other AML No Mut
BA2442R	fb4a5bec-f724-4af5-9011-fa4dcc1aa8a4/03d80778-db75-421a-aebc-6defc6ee0837.rna_seq.genomic.gdc_realn.bam	Other AML No Mut
BA2446R	33136860-f568-46fb-a841-e493773dd930/f7cf94a5-9ea6-4aba-b91c-30c50484d7e6.rna_seq.genomic.gdc_realn.bam	Other AML No Mut
BA2449R	9164244a-7520-46fb-b1ae-151b6139b135/8ed18abc-1cdb-42d3-8fdf-1b691b03d1fa.rna_seq.genomic.gdc_realn.bam	Other AML No Mut
BA2450R	238fb4a4-ccfd-47b6-b2ef-c9d685096884/4a3cbb8a-42c4-44eb-a679-2e574378f6a2.rna_seq.genomic.gdc_realn.bam	Other AML No Mut
BA2452R	c2a5d823-ea35-4d12-ba2f-9627d7226df3/a7999e11-7c13-40b9-ae00-8bf6e367605e.rna_seq.genomic.gdc_realn.bam	Other AML No Mut
BA2455R	20e08423-b8d4-4bee-bf5d-23ffbfa0a0fb/f7f80dde-9fc4-4280-9f2b-647a152a2b5d.rna_seq.genomic.gdc_realn.bam	Other AML No Mut
BA2456R	850f18d7-4e58-42e2-9de9-16e424bf3cca/7cc676df-8a96-4e82-96a4-4f39cc1d49f7.rna_seq.genomic.gdc_realn.bam	Other AML No Mut
BA2459R	f3453dfc-cae4-4427-be95-e44a70c1db06/05e4d004-a6aa-4dac-821b-8d066fbeb3f9.rna_seq.genomic.gdc_realn.bam	Other AML No Mut
BA2461R	3ace195f-25e6-4ca5-aee4-a11323d9af6e/1e6c6542-d676-45cc-9d81-81f0bf2ffa6e.rna_seq.genomic.gdc_realn.bam	Other AML No Mut
BA2463R	7bba466b-6e4f-45cf-8362-69dab583f347/1701e5a6-7a50-4fd3-bdb8-88258d33e1c3.rna_seq.genomic.gdc_realn.bam	Other AML No Mut
BA2464R	a60a5362-3a2f-4842-add4-6576f59d1e6f/9925c463-d44f-4d4f-8af0-d7d566785b8f.rna_seq.genomic.gdc_realn.bam	Other AML No Mut
BA2469R	f032f98a-9c69-4404-a27d-803fb5ab03f1/98b03821-8f05-494e-9e5a-2a550e4e66a1.rna_seq.genomic.gdc_realn.bam	Other AML No Mut
BA2470R	450b59aa-dd71-4055-8884-08ae0b2d994c/801b83d0-8fed-4b44-a102-a8463e1dc8f9.rna_seq.genomic.gdc_realn.bam	Other AML No Mut
BA2472R	626beefd-25f5-444a-83e8-d9d7fa647320/a791529f-a503-4eba-92d4-7ae832fc3c83.rna_seq.genomic.gdc_realn.bam	Other AML No Mut
BA2473R	7db77491-77e6-41c7-aebd-4d97bf5c5d95/5747838e-bba8-420e-ac72-543e7abf63da.rna_seq.genomic.gdc_realn.bam	Other AML No Mut
BA2474R	194c7aba-1e36-4d49-8595-73963b1b326a/2c1b94f7-7ba6-4e6d-bb81-af877db956de.rna_seq.genomic.gdc_realn.bam	Other AML No Mut
BA2477R	16eaed8d-19ff-4ec6-8912-7574e066768e/cb42e7a1-4188-4d80-9994-56b31985de54.rna_seq.genomic.gdc_realn.bam	Other AML No Mut
BA2479R	29c369c4-f265-4a30-94f6-0522e36160d8/b3b208ae-8738-40f6-8cf5-0a780b30591c.rna_seq.genomic.gdc_realn.bam	Other AML No Mut
BA2480R	1d32f256-dfb0-48e4-aa41-a9917ef62d63/f9698bdc-4af4-4ad9-9df7-f3e7a9f94c67.rna_seq.genomic.gdc_realn.bam	Other AML No Mut
BA2482R	8abfeee9-b6fb-4d8b-b175-579d8eb6e6f0/db805d16-d376-4ea8-b54c-b576e983581e.rna_seq.genomic.gdc_realn.bam	Other AML No Mut
BA2483R	bab51b65-9382-4392-8116-f6df1fade4f9/4a928f7d-0a1d-461c-9d52-e7c5bab2b518.rna_seq.genomic.gdc_realn.bam	Other AML No Mut
BA2485R	7c57e7b9-908d-4a7f-af76-a34c98005ab4/d4399e11-5da3-49b7-90c1-0b2293a0854e.rna_seq.genomic.gdc_realn.bam	Other AML No Mut
BA2488R	9d2c6eb4-fb44-4fce-bc8b-cbf8b2927ee9/9cada750-ef23-4a70-9da2-ee29918a244a.rna_seq.genomic.gdc_realn.bam	Other AML No Mut
BA2489R	3cdbfc60-a30a-4cf3-97ed-34789b12a7e6/e26645e5-3f41-4ede-b19e-94591bf9daa0.rna_seq.genomic.gdc_realn.bam	Other AML No Mut
BA2492R	758b8884-1128-4aa2-971e-4c3808307c8f/b2ff9536-e29f-4a43-b7bc-dd802258099c.rna_seq.genomic.gdc_realn.bam	Other AML No Mut
BA2494R	389522c0-4683-4baf-abb9-d8cbdd45578c/02ac1b66-644a-4db8-ad4c-105d830cb51f.rna_seq.genomic.gdc_realn.bam	Other AML No Mut
BA2497R	017f425d-45ed-4fbe-8788-17a22a69c712/48c5f44b-cd38-46ed-9f2b-b8663833dfe2.rna_seq.genomic.gdc_realn.bam	Other AML No Mut
BA2499R	dbac70f6-27c8-4ddc-827f-bafb0b6884b3/47209a35-5e24-44f8-9f84-73ca9835da62.rna_seq.genomic.gdc_realn.bam	Other AML No Mut
BA2500R	df7a076a-8a09-4fb8-ad46-33a420a81af3/755b9fdf-6ebd-49cf-9a0f-d4b6023d6c71.rna_seq.genomic.gdc_realn.bam	Other AML No Mut
BA2501R	2ccbaec0-5b0f-4896-81d8-a14491b29686/7b1fc6dd-f657-4985-bff3-828d1d92ea8d.rna_seq.genomic.gdc_realn.bam	Other AML No Mut
BA2502R	9a8f93fd-5416-44cc-a927-2b5378aa66de/ae3f0afc-73a0-4f96-b30e-c53f513e4b4e.rna_seq.genomic.gdc_realn.bam	Other AML No Mut
BA2505R	2e366631-109e-4c63-b622-af1f1016084e/96775d16-156f-46f0-807b-8c2b5cca402f.rna_seq.genomic.gdc_realn.bam	Other AML No Mut
BA2507R	9be5634d-a5df-4d19-90ca-578c28879d3d/8d9516bd-a095-457f-ad6a-e3289eb7ce3e.rna_seq.genomic.gdc_realn.bam	Other AML No Mut
BA2510R	47144d76-1e92-4ac5-976e-e999d6b69916/2e9b3c7f-4974-446d-9ec3-01ac0afc38a6.rna_seq.genomic.gdc_realn.bam	Other AML No Mut
BA2511R	2d3e0ab4-e0b4-4d80-bc0c-8745399c3ded/00f0a63c-8167-41c2-9b09-72a12ee6d71a.rna_seq.genomic.gdc_realn.bam	Other AML No Mut
BA2512R	ceff2af1-c786-4f62-bd63-06b2af222fb4/7658b97b-8449-4d5a-9409-e5b9ec4503d1.rna_seq.genomic.gdc_realn.bam	Other AML No Mut
BA2514R	1a2aede8-ea35-4ab3-b3bb-91db9fa4df3a/caab20c2-6d91-499b-9470-bb30e5d8b2f7.rna_seq.genomic.gdc_realn.bam	Other AML No Mut
BA2515R	1c1c8a48-e624-48f7-824e-6932f51d9eb4/500f24e0-a5fd-4349-bf8d-cd66d8aaec20.rna_seq.genomic.gdc_realn.bam	Other AML No Mut
BA2520R	6c04a2af-b261-4238-bf14-8467cafaeaec/db8734aa-da33-49f3-ac37-86fff3547fbb.rna_seq.genomic.gdc_realn.bam	Other AML No Mut
BA2521R	205d1776-3c28-4c40-8c0c-b71d3aa31c85/51efde36-1dbe-4f90-82f4-0f0280e47b24.rna_seq.genomic.gdc_realn.bam	Other AML No Mut
BA2523R	548dec4e-4d57-4024-ad33-17684e875be4/6f5fd197-94a6-4938-98d8-67102bbc5d09.rna_seq.genomic.gdc_realn.bam	Other AML No Mut
BA2524R	68623642-4f65-4f82-85c5-3735f7c08dc8/9c06560d-55b9-4e5b-b968-2cb1c50c6541.rna_seq.genomic.gdc_realn.bam	Other AML No Mut
BA2525R	833a3497-76d4-4021-9091-33e74076b67d/1e94e7f2-6b87-43d0-a389-8c59ef24874a.rna_seq.genomic.gdc_realn.bam	Other AML No Mut
BA2526R	babe4e39-6c9d-4516-9b61-c9420aeb6211/3c7dbb02-bd9c-437e-98b9-f86d88691da7.rna_seq.genomic.gdc_realn.bam	Other AML No Mut
BA2528R	f50aa9bf-def0-4567-bd9a-d886acbc3982/94f91c43-0770-4feb-b0e1-01a210463b7e.rna_seq.genomic.gdc_realn.bam	Other AML No Mut
BA2532R	cd4cbd0e-4599-476c-a64e-bc7f42daf895/4040c705-ee41-4dfb-9f5d-f42ef062add1.rna_seq.genomic.gdc_realn.bam	Other AML No Mut
BA2534R	8d4c9f3c-5820-481b-8736-216f7d6f9a16/223ff4c9-88cf-4c1c-9016-d480c5e476a9.rna_seq.genomic.gdc_realn.bam	Other AML No Mut
BA2538R	96faa248-a264-4484-bacf-6964f21eb14f/32adef60-2edc-41eb-a00e-7e04ad88f7b7.rna_seq.genomic.gdc_realn.bam	Other AML No Mut
BA2539R	6a70c0f2-84d8-43f1-8ea3-5e1a6a2e962d/e56310fa-f6c9-404f-a6ce-73498fb820f3.rna_seq.genomic.gdc_realn.bam	Other AML No Mut
BA2540R	71fbad92-5676-4097-85f2-4b8f0f816a0f/a3a72e6d-4b5c-48fc-8e17-39434221c1ff.rna_seq.genomic.gdc_realn.bam	Other AML No Mut
BA2541R	131e4574-7000-4167-a471-aa3734edbbbd/25fcc122-362b-4c3e-afa6-7ba732d09a93.rna_seq.genomic.gdc_realn.bam	Other AML No Mut
BA2545R	a52686f4-228e-4398-b45d-52f6e9bd7877/08668104-42f6-4c2c-afdb-ffee73685f44.rna_seq.genomic.gdc_realn.bam	Other AML No Mut
BA2546R	675b0807-e8b1-4124-b001-b455a05ac907/7ee5213b-a3c4-4579-86bc-79b1533970b0.rna_seq.genomic.gdc_realn.bam	Other AML No Mut
BA2552R	fc9e34be-2947-4371-b7b7-ae6602a7fd1c/591748a3-1bb0-4a14-b81a-d8465fe11d46.rna_seq.genomic.gdc_realn.bam	Other AML No Mut
BA2559R	52acb80a-97f6-4984-8563-b28c8d288ab5/60b2024c-3303-479d-ba26-a515aa5378b8.rna_seq.genomic.gdc_realn.bam	Other AML No Mut
BA2561R	9cc0c0e9-2ed4-4411-ae22-1b83cf9df077/af065e3f-bfe4-49ab-b6e8-5d014165afa3.rna_seq.genomic.gdc_realn.bam	Other AML No Mut
BA2563R	9aeb93f4-fc52-4dcb-8d6c-abdd26c14863/4a8ea51a-c58d-4b13-a8f9-98960e1b1813.rna_seq.genomic.gdc_realn.bam	Other AML No Mut
BA2564R	297fcd80-af41-49f1-a298-42ba26f7a8f9/013b7fc2-acfb-4d1b-94dc-07603c377ba7.rna_seq.genomic.gdc_realn.bam	Other AML No Mut
BA2567R	ff320faf-6da3-4ebb-8f78-86f4243f78f8/e8d37393-14b4-48ef-8574-0027d4ec4516.rna_seq.genomic.gdc_realn.bam	Other AML No Mut
BA2570R	662569a5-25c9-4ce4-b81e-11b46cb8286c/1e91605b-3947-4949-a057-c5bba6eaae19.rna_seq.genomic.gdc_realn.bam	Other AML No Mut
BA2575R	28c84af5-6f1c-4bfd-ac27-d5657a2e5748/b0869e34-816b-4baa-bb5b-3895331c1e88.rna_seq.genomic.gdc_realn.bam	Other AML No Mut
BA2577R	c99628d9-a9f0-450c-83b0-7b17a0e39d48/fe0088ca-d81b-4ea5-b215-3b8fd8994e69.rna_seq.genomic.gdc_realn.bam	Other AML No Mut
BA2579R	087d2ba9-706e-4296-8327-2b7e9249ac2f/ddbbfbab-1c73-4871-b1e3-82f6fe17a5f4.rna_seq.genomic.gdc_realn.bam	Other AML No Mut
BA2583R	82c8f14c-bf42-4024-9a03-250001b291e5/32f5efb6-6503-420e-a187-0aa47955a351.rna_seq.genomic.gdc_realn.bam	Other AML No Mut
BA2584R	bd3c1ecd-37e6-4c95-a36b-e62fe4ed56d3/2aba8669-d859-42df-a05a-bb5670f25b11.rna_seq.genomic.gdc_realn.bam	Other AML No Mut
BA2587R	287be2f4-05e1-4df9-98cc-eebe06c21786/0b75b562-5597-4399-8970-8389a39b33c7.rna_seq.genomic.gdc_realn.bam	Other AML No Mut
BA2588R	675e1634-078a-4462-b829-44e74db7a9d4/dfb0f212-f4de-4ca3-aa87-3d9794e19358.rna_seq.genomic.gdc_realn.bam	Other AML No Mut
BA2589R	501d4079-9f70-42d2-b3cd-0276f674d114/9934863d-b5de-49c8-b1ff-c275006e8dc6.rna_seq.genomic.gdc_realn.bam	Other AML No Mut
BA2592R	ead79ad3-156b-434e-ac30-14de404b2218/17321a1b-988f-4cbc-a8db-5e44703a51e9.rna_seq.genomic.gdc_realn.bam	Other AML No Mut
BA2593R	03b20db3-fe2b-488a-af16-53935928848a/a4d62c4a-4564-42e8-901a-8c03dcacb3f5.rna_seq.genomic.gdc_realn.bam	Other AML No Mut
BA2594R	0d128a21-1099-47cc-a55f-38cf2897d2c4/bc46d359-d0b4-4cbc-925e-ddb802e6f61f.rna_seq.genomic.gdc_realn.bam	Other AML No Mut
BA2595R	610e2ab2-5854-4b27-8ca1-ae5321f3d481/3366a51d-9fa0-4325-87f6-7e6ef35d1ff7.rna_seq.genomic.gdc_realn.bam	Other AML No Mut
BA2597R	cb43e3f3-7a1d-4e25-b3be-3c721989ca9f/1622fc0e-0535-4f0f-941f-6c8024b8c719.rna_seq.genomic.gdc_realn.bam	Other AML No Mut
BA2600R	db93f138-cbe7-4173-9f1a-e013632619ce/c6616153-90ee-4628-b1bf-abac74168b28.rna_seq.genomic.gdc_realn.bam	Other AML No Mut
BA2603R	23d284bd-422c-49f5-83f7-eb2f47998db9/5bc5ded6-17e9-45e6-b97e-85466639347f.rna_seq.genomic.gdc_realn.bam	Other AML No Mut
BA2618R	80fc17b3-6ea8-4ba8-bc06-0b3fade4b77d/66955ad9-411a-4ae9-9322-6ec6567d6e52.rna_seq.genomic.gdc_realn.bam	Other AML No Mut
BA2619R	c3e2825b-64c3-4246-ac15-b459bc31a569/daebc966-3d20-4524-9587-d9840c966451.rna_seq.genomic.gdc_realn.bam	Other AML No Mut
BA2620R	146a1b61-a5e7-417e-a4d5-4f93de886032/5c69a285-74f0-47ca-bd61-d4bfdb572509.rna_seq.genomic.gdc_realn.bam	Other AML No Mut
BA2621R	6637fd66-f321-4930-89b4-ed084f635a31/46de0780-2898-41fb-83da-4068f99100c6.rna_seq.genomic.gdc_realn.bam	Other AML No Mut
BA2622R	4ba29781-492b-45f7-9d75-908f7c9c2a68/1b26766e-ac76-4e23-bd38-c85005051942.rna_seq.genomic.gdc_realn.bam	Other AML No Mut
BA2623R	edb865b9-c697-48e5-ac55-ae98c37b145a/3c4c415c-6a74-49ee-b271-7874bb65c836.rna_seq.genomic.gdc_realn.bam	Other AML No Mut
BA2629R	deff2926-37af-4211-9318-c78951174579/a65915e6-1fbf-42f3-a316-e00c7d17bfae.rna_seq.genomic.gdc_realn.bam	Other AML No Mut
BA2631R	11c58736-976d-4c76-9378-4394f0c7664b/6765ea22-1463-4638-83e3-5832b8cd658d.rna_seq.genomic.gdc_realn.bam	Other AML No Mut
BA2634R	abd9d9bf-57ff-471e-9ca8-5a74e97cb36c/24bd476f-0f45-4aa2-b88d-2f6473b0b68f.rna_seq.genomic.gdc_realn.bam	Other AML No Mut
BA2636R	af48da66-92c5-486d-a122-075afc0b0387/19a48b14-cbd3-4240-935c-833cf0e9e990.rna_seq.genomic.gdc_realn.bam	Other AML No Mut
BA2639R	e54f9e01-f1d8-445c-8864-8c1f26661eb3/0f28258a-fb84-47cf-97d7-1c19bca973b8.rna_seq.genomic.gdc_realn.bam	Other AML No Mut
BA2644R	e3b0c16a-1560-49e6-8221-70edeeeca4f1/5d4c9f3c-a8a6-4855-841e-01c8dce58b9a.rna_seq.genomic.gdc_realn.bam	Other AML No Mut
BA2645R	9d81a8ad-be14-42e7-85e4-bcc579b0e724/2c9d99e4-b2c7-479b-a6f8-fa7bb6283e87.rna_seq.genomic.gdc_realn.bam	Other AML No Mut
BA2646R	986a3893-c857-4a6f-b19a-95eef83d9f39/87490234-6d15-4831-8950-b45723ac3237.rna_seq.genomic.gdc_realn.bam	Other AML No Mut
BA2649R	7bc13d26-625f-4420-a5fe-3326ba1c472b/cf696163-f828-455d-a745-36718ecfc973.rna_seq.genomic.gdc_realn.bam	Other AML No Mut
BA2651R	76eb8520-5d32-42e5-a08f-b74aeafb7264/74ae425d-961d-485a-b5f0-2798b26cf0f9.rna_seq.genomic.gdc_realn.bam	Other AML No Mut
BA2653R	633a4630-2649-4e88-8993-276ee1badad3/22909e28-c154-434e-b469-3b8bcf35f250.rna_seq.genomic.gdc_realn.bam	Other AML No Mut
BA2655R	ccf9f641-55d7-41e5-8f28-d3d755087660/47945af2-0461-4623-9a69-bf15f5079c4f.rna_seq.genomic.gdc_realn.bam	Other AML No Mut
BA2656R	6ee090af-5ef0-45ff-936e-0cfa6ca24291/2c4c9224-a6a3-47f5-a0d7-04e08cc74995.rna_seq.genomic.gdc_realn.bam	Other AML No Mut
BA2657R	6d45231e-ff9e-416c-8f89-f645e8064926/d058a89e-3a82-44cd-907e-0043b0fb4a90.rna_seq.genomic.gdc_realn.bam	Other AML No Mut
BA2658R	c585fa8b-525a-44a8-a980-c0d545a1689a/fb35f2b1-2cb9-43d4-a73e-fcf215b462e8.rna_seq.genomic.gdc_realn.bam	Other AML No Mut
BA2659R	5b961d5a-edc3-4aae-ac73-b4020248a7cb/aab46c1a-188d-4286-9dbe-a998a736bfc5.rna_seq.genomic.gdc_realn.bam	Other AML No Mut
BA2660R	4337b6fc-39bf-484f-969b-36fd149e3bcb/4c8ffd65-4fa2-48f4-960a-7d293edb9bf3.rna_seq.genomic.gdc_realn.bam	Other AML No Mut
BA2662R	4963a53a-a7ff-41ee-8882-310a660e6e97/9c0ecef9-9189-47b6-ab9e-bea4872631ae.rna_seq.genomic.gdc_realn.bam	Other AML No Mut
BA2667R	6d7cf72b-2375-493a-99c3-04e511d461f9/6f83a17a-5dce-4718-bf1f-1f77393e74e2.rna_seq.genomic.gdc_realn.bam	Other AML No Mut
BA2670R	07960357-9b34-4aee-9a29-34c5a43724c4/91bbcf8f-4160-4cc9-b478-5a4e91211af0.rna_seq.genomic.gdc_realn.bam	Other AML No Mut
BA2674R	c21faddf-f740-4253-94a3-eb98eca4687f/fdaa412b-55e3-4fb1-bde6-b4dc0af41cf0.rna_seq.genomic.gdc_realn.bam	Other AML No Mut
BA2675R	be4446fa-65a9-4274-89ce-0fce8d270f48/205596bd-3193-48c7-909a-a963761870b7.rna_seq.genomic.gdc_realn.bam	Other AML No Mut
BA2677R	25a79a03-ccc2-4d82-89fb-e430f8784e46/1c7e5b44-f20c-4043-a3c0-c040b03fed77.rna_seq.genomic.gdc_realn.bam	Other AML No Mut
BA2682R	f30f2fe5-6ee4-4dbc-a4fb-c7f28440eebc/ce480257-926b-40fa-93b7-0f8d8ca7ebc1.rna_seq.genomic.gdc_realn.bam	Other AML No Mut
BA2685R	6c21b221-8b3c-4f9c-9e7c-f4813ec04650/54cf83f7-b0cc-46cc-a677-ae44647ea4d4.rna_seq.genomic.gdc_realn.bam	Other AML No Mut
BA2688R	8c8fd160-c6a7-46f2-b9c4-2123e055cb8c/6fb18298-ed5d-4066-8af4-37c693a3bd1f.rna_seq.genomic.gdc_realn.bam	Other AML No Mut
BA2691R	9bbd5ea7-1025-47fc-acb9-3f71faed7c83/5d7fc722-75c9-4568-b74b-fa34ed821afb.rna_seq.genomic.gdc_realn.bam	Other AML No Mut
BA2694R	81cef935-4296-4c01-bba9-5b52e12f7e85/050de2d8-3ecb-4305-a5a5-4a8d4c4f44f3.rna_seq.genomic.gdc_realn.bam	Other AML No Mut
BA2695R	02112a99-9c21-457a-aafa-e1e642caacc6/8dd4883b-bd9e-4ca3-aa63-6d398c4740bd.rna_seq.genomic.gdc_realn.bam	Other AML No Mut
BA2697R	2148b57b-7a5a-48a9-a045-b8c63275fe7c/9d89bf88-8daf-44f6-803a-30c370f154dd.rna_seq.genomic.gdc_realn.bam	Other AML No Mut
BA2701R	93811b9e-4f04-43da-b72b-91ac3033fbb7/c1be2e52-ad6c-4f09-9cc4-b4411b12f3ab.rna_seq.genomic.gdc_realn.bam	Other AML No Mut
BA2704R	cde80330-733e-451c-be02-d1d1b2720169/c9e0b07d-6498-454e-a175-9c52db06f1f9.rna_seq.genomic.gdc_realn.bam	Other AML No Mut
BA2705R	c0f11177-340c-4143-ac12-f21ef55f99d0/b8e3bc1c-7edd-4bb0-8005-3e30648c1448.rna_seq.genomic.gdc_realn.bam	Other AML No Mut
BA2707R	2226ed09-f32a-450a-8e9e-ecc9c7c57cda/3153160f-ebae-43ca-befb-dc808de758a0.rna_seq.genomic.gdc_realn.bam	Other AML No Mut
BA2709R	c8fed7b3-7ef7-469f-b4e7-0060fa004beb/416628bb-a69b-474e-b150-2428b7a663c4.rna_seq.genomic.gdc_realn.bam	Other AML No Mut
BA2712R	5fbf370e-4192-4940-888e-5bb1643817a7/4bebe257-1b98-4ec7-8c92-1b977ef4f405.rna_seq.genomic.gdc_realn.bam	Other AML No Mut
BA2714R	69fd5f07-c4e3-4fee-b612-a2ec9d4f3607/6d86ca8d-3f8c-4f02-9795-1c19ef66dcd3.rna_seq.genomic.gdc_realn.bam	Other AML No Mut
BA2715R	ebf5bada-9aac-47d9-b1e1-467faa5148b5/dce2ab75-df06-4d14-a290-4d1c7745b8fc.rna_seq.genomic.gdc_realn.bam	Other AML No Mut
BA2718R	981c9c91-e199-423c-ac6f-4780c59f9f60/69ada533-04fa-4b2d-8446-bc2ae683c3c0.rna_seq.genomic.gdc_realn.bam	Other AML No Mut
BA2720R	90f00edd-3a2c-4f09-bc30-efdf43748887/c2f2f770-54a8-458e-8759-39879d3014db.rna_seq.genomic.gdc_realn.bam	Other AML No Mut
BA2721R	e07a61be-920c-4164-a36a-b05a3f531f67/4640a754-b939-4358-90af-7782c0fbd2e1.rna_seq.genomic.gdc_realn.bam	Other AML No Mut
BA2722R	722b8f4c-5386-44e3-b940-987d2fa60e54/3e8cb181-da8c-403e-916a-243f95c7911c.rna_seq.genomic.gdc_realn.bam	Other AML No Mut
BA2723R	15730f2a-ed27-4507-ab3d-1d41cc8e9963/3f60e9a6-74e0-4404-958c-0eac7566a544.rna_seq.genomic.gdc_realn.bam	Other AML No Mut
BA2724R	eedb85a3-15bb-4186-88bf-6dc7b3dffb62/f512f4e1-909e-4bd7-b3dd-7683ec22b78c.rna_seq.genomic.gdc_realn.bam	Other AML No Mut
BA2726R	d7b968cf-647e-4b19-84a5-ccac5e38c100/a153d72e-b208-41fe-a370-5d4df480b7b3.rna_seq.genomic.gdc_realn.bam	Other AML No Mut
BA2727R	41ee97cc-eb0f-4976-8978-998ad27d3111/bf885635-7681-4bbc-9e4e-3b37645b1bb3.rna_seq.genomic.gdc_realn.bam	Other AML No Mut
BA2728R	297eeb55-8f8f-42ba-af07-06496e7360af/41280624-c720-493d-bc6e-5edd1df2b2ae.rna_seq.genomic.gdc_realn.bam	Other AML No Mut
BA2731R	bfae867d-1895-45c6-81c2-a57bbaf4c50c/e41ec670-0deb-4653-af44-973efda5766e.rna_seq.genomic.gdc_realn.bam	Other AML No Mut
BA2733R	812dc58b-268b-48a0-b610-5392238b8cd8/31a461e3-0c8b-4bcc-ba03-7fdcb695ecf4.rna_seq.genomic.gdc_realn.bam	Other AML No Mut
BA2735R	1a53ab88-4f2d-42b0-afc2-135c1263b4a2/b5b9403c-1efa-4226-9c3b-def273fe46ff.rna_seq.genomic.gdc_realn.bam	Other AML No Mut
BA2737R	d8838435-7db0-460f-9769-ae9c8c861e67/b2067b7d-8d87-4cad-ace2-e23686d5de82.rna_seq.genomic.gdc_realn.bam	Other AML No Mut
BA2742R	dfd63c83-dc24-4416-bc66-16b3640adb56/2eb4a274-f269-4cb9-8907-d27d46d5535b.rna_seq.genomic.gdc_realn.bam	Other AML No Mut
BA2744R	9b0ae787-a2c7-4b8c-a7d0-f47212e98376/f307aeb5-7b99-473b-97cf-51ee9026ab6d.rna_seq.genomic.gdc_realn.bam	Other AML No Mut
BA2746R	27abac98-8216-4ec7-bbe2-b36f8d0653ee/1ee4076a-183b-4dd6-9947-c4f7af754f50.rna_seq.genomic.gdc_realn.bam	Other AML No Mut
BA2747R	c0f9b486-d400-4149-ad80-f0982e6c3a3d/c960c2b5-64b9-454e-bdca-c96f36ff1980.rna_seq.genomic.gdc_realn.bam	Other AML No Mut
BA2748R	c533fdbb-1f44-42b6-b811-687c28babdb5/38937818-3b6a-4ab3-b193-d28d3a7e4cdf.rna_seq.genomic.gdc_realn.bam	Other AML No Mut
BA2751R	6b18b75f-0225-4d76-a507-e68a64a1fcb4/ea66c133-4c75-4f77-99d6-55675bf481b4.rna_seq.genomic.gdc_realn.bam	Other AML No Mut
BA2756R	d2c47d07-6825-40ea-a6af-69fdd76d6b5a/34bc99d9-87dc-49ab-87f3-0a110de02f08.rna_seq.genomic.gdc_realn.bam	Other AML No Mut
BA2758R	e510c34b-5c72-4742-a390-6f416212922c/058efcbd-69fa-4ac1-ad4f-03f37059fb69.rna_seq.genomic.gdc_realn.bam	Other AML No Mut
BA2760R	f6bae855-4e58-4912-a661-78edf91acc08/6da0bff7-5a4b-48b1-9658-80ef950ffe6a.rna_seq.genomic.gdc_realn.bam	Other AML No Mut
BA2762R	01338852-92e7-4e85-a20c-f06d551bfb67/a09c3bd3-11ae-4e9d-8adf-441846dbb1fb.rna_seq.genomic.gdc_realn.bam	Other AML No Mut
BA2764R	fec76b23-9c82-4058-9468-59d4b2287367/249079ff-e0b6-4556-9958-56b6b99f9ef1.rna_seq.genomic.gdc_realn.bam	Other AML No Mut
BA2765R	795435b1-9c4d-4a38-acc6-18e2c111b5b6/bed765d2-31ec-4155-aaa8-9815cd12c9f8.rna_seq.genomic.gdc_realn.bam	Other AML No Mut
BA2769R	055aebd3-b61d-490f-9b33-00154ca611b3/c2cbecad-0b98-44de-ab57-768d2661cb15.rna_seq.genomic.gdc_realn.bam	Other AML No Mut
BA2772R	989a7d21-0ad6-469f-bf4e-d29d6d6f11fc/12e417d3-c3f6-4667-aad9-c0891a9e64e7.rna_seq.genomic.gdc_realn.bam	Other AML No Mut
BA2775R	2c849cf7-2990-4ef8-8ba0-18aa01084ebb/78fc70db-b514-4ee2-9ae6-23ea0ad3faec.rna_seq.genomic.gdc_realn.bam	Other AML No Mut
BA2776R	f09542d0-cdb6-4361-9155-29ea15314b59/fad6efd5-3a3f-41a7-b135-76310cd00636.rna_seq.genomic.gdc_realn.bam	Other AML No Mut
BA2778R	908cb9be-5ec5-41ab-8c22-7aaeac69fa7b/4de93c86-ed9b-4cae-8222-35d81b2e7470.rna_seq.genomic.gdc_realn.bam	Other AML No Mut
BA2782R	0d6dedb3-07a0-4558-a80f-3408a7650319/63016917-1c94-4aab-9498-2da2435b59e9.rna_seq.genomic.gdc_realn.bam	Other AML No Mut
BA2786R	4a53ef24-6add-4794-be31-ee288293b283/0f0f15e1-9a29-4d53-a0e7-a872d399b6d8.rna_seq.genomic.gdc_realn.bam	Other AML No Mut
BA2787R	5d687ff5-a82c-4d95-9f7d-b9f82830492f/ab383e45-93f8-4214-b013-80a88236e838.rna_seq.genomic.gdc_realn.bam	Other AML No Mut
BA2789R	34040f4f-98cc-4d03-b034-6960f79dd376/54f10f57-78ee-4086-b180-900a8de6f561.rna_seq.genomic.gdc_realn.bam	Other AML No Mut
BA2791R	56293bb5-4563-4cf6-b2a4-f415b7c85b7e/d85d5275-e8c4-4c41-a0e4-fcc712ca57d5.rna_seq.genomic.gdc_realn.bam	Other AML No Mut
BA2798R	600a8287-e593-4c39-9214-2dca8eaab845/d6f4d029-ae8a-46c0-a0b9-06125e86c218.rna_seq.genomic.gdc_realn.bam	Other AML No Mut
BA2804R	6e5985bf-e538-4ace-a1ce-3cc69ba021b6/5ca0b675-e5e8-492a-83fd-c2c9d7e22a17.rna_seq.genomic.gdc_realn.bam	Other AML No Mut
BA2806R	f65428eb-7481-407d-a183-ecb1ff6b2a5b/8086d2c5-4ad9-4f0b-8f65-d0da7d60e582.rna_seq.genomic.gdc_realn.bam	Other AML No Mut
BA2808R	e54a5704-86ec-4be8-b012-39e624943e7f/dfe21d71-90b9-4e15-b502-485e95906bf5.rna_seq.genomic.gdc_realn.bam	Other AML No Mut
BA2809R	5ad5585d-689a-4efc-90f9-791400e2b25e/8aa2ceef-14b1-4f04-a6e7-06133418aed7.rna_seq.genomic.gdc_realn.bam	Other AML No Mut
BA2811R	7fabd55d-7e58-4d1a-ab22-6c2016180c32/6c10003b-c5b0-43f1-9f16-24b60b36c7bc.rna_seq.genomic.gdc_realn.bam	Other AML No Mut
BA2813R	ea08868e-5596-4491-9877-6bc41eccf8a1/216af677-4fd9-4428-80a5-69c3e93c626d.rna_seq.genomic.gdc_realn.bam	Other AML No Mut
BA2814R	aab16b46-7710-4942-8789-ca1bb4aad0fd/ef5faf3a-4a2f-4a0e-81fb-7d5a64e375bc.rna_seq.genomic.gdc_realn.bam	Other AML No Mut
BA2816R	1b76b379-8465-4465-bfbe-aea03bd698e3/7811184a-d80a-4394-b5f5-b31a44269333.rna_seq.genomic.gdc_realn.bam	Other AML No Mut
BA2817R	df78238f-740d-4eb2-9814-75d49f7240eb/68da5a84-e872-4f2e-a517-f98069523d0d.rna_seq.genomic.gdc_realn.bam	Other AML No Mut
BA2820R	9e1e6809-9d9f-4748-a62e-dc7ca0aa1fc4/ebc4d53b-b580-4490-b2f6-6266cd9febd0.rna_seq.genomic.gdc_realn.bam	Other AML No Mut
BA2821R	11ed66af-8d6a-4c9d-a922-a354a6118c0c/3249ee98-0026-4d11-9b1f-6c638aee73a3.rna_seq.genomic.gdc_realn.bam	Other AML No Mut
BA2822R	b2d38bad-4064-4eee-adf8-1b0e6c370135/6225323e-4ad7-4811-947b-ea06a70c35b5.rna_seq.genomic.gdc_realn.bam	Other AML No Mut
BA2824R	353cf3a4-f596-44a7-a1ec-2a13ea133ec1/845220a5-43fc-41da-bf7c-c6f33372458b.rna_seq.genomic.gdc_realn.bam	Other AML No Mut
BA2828R	52db90e7-0727-4ed9-95fb-93d05031a1af/069599c6-ecf3-49f4-800c-9a5df06b600c.rna_seq.genomic.gdc_realn.bam	Other AML No Mut
BA2829R	068863f4-5740-4d84-b27f-dc3696468dfa/9794e981-e86f-4525-99fc-6232eb890d67.rna_seq.genomic.gdc_realn.bam	Other AML No Mut
BA2830R	647429f9-1a02-45fe-b0ac-69bf79011c14/b8e7ec32-44fc-4b0e-a030-ac6e42349666.rna_seq.genomic.gdc_realn.bam	Other AML No Mut
BA2832R	dd699d96-3adf-4c6e-be1d-6f9cd655af9d/13228736-e003-4431-a1f2-e108ee085b5a.rna_seq.genomic.gdc_realn.bam	Other AML No Mut
BA2836R	a5788ffe-a511-42f2-a6b4-53623f17beb0/eaf259c9-7ae0-4602-b8ec-d3db64679a9f.rna_seq.genomic.gdc_realn.bam	Other AML No Mut
BA2837R	a08676c4-51a5-4eb6-8dd5-0b68017752ff/cc91d156-a097-49b6-ac78-8f8ee08b729b.rna_seq.genomic.gdc_realn.bam	Other AML No Mut
BA2839R	d70b484a-6506-403a-91aa-3c6eae3af306/5f3366e5-1518-46d1-b524-5cc34e733fdc.rna_seq.genomic.gdc_realn.bam	Other AML No Mut
BA2840R	c2f8dcc7-105c-4107-b3d4-55dd45bec9bd/9e1ab6d4-fbbc-49f9-af19-54223b2a3d55.rna_seq.genomic.gdc_realn.bam	Other AML No Mut
BA2841R	31938a6a-8907-40f7-8991-3c6ae48387bb/bacfd2dc-c2a0-48c7-ab10-9d082344f6ac.rna_seq.genomic.gdc_realn.bam	Other AML No Mut
BA2842R	cbb8a47b-8ce8-4472-aa7d-bb79d2cc350d/af8a5ea5-752e-426c-881a-63cd8cd53de6.rna_seq.genomic.gdc_realn.bam	Other AML No Mut
BA2843R	2c8a5f8a-2344-4302-af50-406999094fad/e730d545-ffe0-4332-a536-919b11aa281e.rna_seq.genomic.gdc_realn.bam	Other AML No Mut
BA2844R	6f57cbdf-9e69-4257-83b1-15eb7a085c10/536fadd9-e018-45de-85c1-7d9460a56195.rna_seq.genomic.gdc_realn.bam	Other AML No Mut
BA2846R	09dc6223-3972-418f-ab03-8d1fd8707a40/0287c556-18c9-4693-b835-0fdcef488f9d.rna_seq.genomic.gdc_realn.bam	Other AML No Mut
BA2850R	f2a4ceee-0055-4f3c-b241-b0ed075ca474/42f1fce5-3a05-45f4-818e-3a67e242daea.rna_seq.genomic.gdc_realn.bam	Other AML No Mut
BA2851R	14ddb225-a4a9-4b9f-a939-a410c6242786/82d0c93d-8b1e-413e-9a5f-ae400884bfcb.rna_seq.genomic.gdc_realn.bam	Other AML No Mut
BA2852R	246637a8-5859-417f-8bed-de1ff10f25ff/a3d0b581-1b7e-4d36-9f99-38d8c5c28261.rna_seq.genomic.gdc_realn.bam	Other AML No Mut
BA2855R	5f219103-40c1-4b4c-92a0-f5876f4727dd/4f77c541-bc57-4c3d-ba1f-78020bd09a29.rna_seq.genomic.gdc_realn.bam	Other AML No Mut
BA2856R	921fce01-2ef3-4e50-9f3e-4ab733fd3946/ff2a7c4f-e515-4019-949e-3d24c2cacfe1.rna_seq.genomic.gdc_realn.bam	Other AML No Mut
BA2858R	e8c98cc7-f3cb-4dd2-a878-124f66579be5/9317bf57-b2f0-4948-8561-0762ae9b39d8.rna_seq.genomic.gdc_realn.bam	Other AML No Mut
BA2861R	506da639-3742-4f7b-b918-1e2adeb23bc0/4bc2dca9-5680-4139-9a02-80fefd87e56c.rna_seq.genomic.gdc_realn.bam	Other AML No Mut
BA2865R	3f9439de-e239-4e92-a368-1565b67a0453/091635b0-8421-433e-9796-41dc7b4dd76b.rna_seq.genomic.gdc_realn.bam	Other AML No Mut
BA2866R	0f9f38a0-e66f-4019-b9ee-b6466eb79a35/d244ee06-29e4-4e56-8fe3-1eef668a0a54.rna_seq.genomic.gdc_realn.bam	Other AML No Mut
BA2867R	168f0b7e-626b-422a-88aa-16f4679bf67a/33d08063-c479-49b6-a1f2-7d1ff598b4c3.rna_seq.genomic.gdc_realn.bam	Other AML No Mut
BA2868R	25d5dea7-fd39-41f1-8174-63a5b4900982/23b0825d-30dd-4bf4-899a-d9b538265f8c.rna_seq.genomic.gdc_realn.bam	Other AML No Mut
BA2870R	009030b4-2e1f-43ae-9b1e-b12fbb8a5722/4c14ad94-fa04-4fb6-8f78-48322a133521.rna_seq.genomic.gdc_realn.bam	Other AML No Mut
BA2871R	875f4e12-0d02-443a-9b9c-776466891672/a1b52865-c259-4db7-8334-5311d674cc6e.rna_seq.genomic.gdc_realn.bam	Other AML No Mut
BA2872R	787c1c6a-9681-4897-b861-3f5fd0b06964/61d32a62-0168-4e09-8b09-cdd8966e1c79.rna_seq.genomic.gdc_realn.bam	Other AML No Mut
BA2876R	21927a36-40e4-4888-9b6a-7efdee68dc00/357e1854-fd91-4fe5-9ab4-909fd16288e9.rna_seq.genomic.gdc_realn.bam	Other AML No Mut
BA2879R	f940f218-7bde-40ce-8708-51d6120f0fe6/bd0352e7-6f07-47ca-a0ae-8111d51d7613.rna_seq.genomic.gdc_realn.bam	Other AML No Mut
BA2880R	1c8a5f90-2ef1-4305-9625-6ee9525d39f4/0fba24a0-a3cb-4009-8c7a-3f6884197bb5.rna_seq.genomic.gdc_realn.bam	Other AML No Mut
BA2882R	bf3ba0a7-44bd-4fe2-8717-79e6930e76d8/aa1a877a-eec2-43cd-b1c0-4bc0cb07166e.rna_seq.genomic.gdc_realn.bam	Other AML No Mut
BA2883R	c5980d11-7078-422c-9dc0-9d843b25948f/d0151c93-a90a-4136-a49c-e520e71c70fe.rna_seq.genomic.gdc_realn.bam	Other AML No Mut
BA2885R	431457c1-535f-4809-806c-98ed58602250/92443ff4-129b-49a9-b551-be95694fc80c.rna_seq.genomic.gdc_realn.bam	Other AML No Mut
BA2887R	7cfd0b9c-1e7e-490a-9254-6cc5d22e09bf/28f8a9c9-ac51-4a9c-b511-b0d12ed2ad07.rna_seq.genomic.gdc_realn.bam	Other AML No Mut
BA2889R	17cb3310-4d16-43fb-bd61-06e28ee6570b/6fcd6c04-4f58-4a6d-871e-8ad6f4e439ea.rna_seq.genomic.gdc_realn.bam	Other AML No Mut
BA2893R	a96444c3-88ab-456d-be81-ab946c1bad4e/54fe4e53-fb45-4548-b5b1-8eacaa7b4621.rna_seq.genomic.gdc_realn.bam	Other AML No Mut
BA2901R	e87827be-f36e-46ac-94ff-3d7dab86aec2/b918540e-f2b8-4c77-93f7-0781e0251f77.rna_seq.genomic.gdc_realn.bam	Other AML No Mut
BA2902R	58856998-a0bd-4af9-a027-764c09307dbe/2747a12e-e1bc-4548-9843-9f9371e62b95.rna_seq.genomic.gdc_realn.bam	Other AML No Mut
BA2903R	18b8cceb-f006-4501-bcfa-6d62d6b8a9e3/b9c85326-7392-4f42-bd51-588b73379538.rna_seq.genomic.gdc_realn.bam	Other AML No Mut
BA2904R	9e60d211-efef-499b-bc45-bec29dd78548/f6c953ec-6236-407c-a0ee-67d3961f0806.rna_seq.genomic.gdc_realn.bam	Other AML No Mut
BA2905R	89e623c5-d6c3-4ff0-9832-5015d640472c/36ab84e8-d445-427d-9648-1b92a8a83f64.rna_seq.genomic.gdc_realn.bam	Other AML No Mut
BA2906R	4ea2a43d-9b88-43f4-ab13-00d6e7f65cbe/813d1156-eaba-4e65-99b7-3e1b20c427b4.rna_seq.genomic.gdc_realn.bam	Other AML No Mut
BA2908R	c7b32666-8717-4e87-abdb-baa7c05052a9/69fe8afe-1ce0-42f7-92e3-e027f93e2206.rna_seq.genomic.gdc_realn.bam	Other AML No Mut
BA2909R	67503dea-e596-4764-8c8a-d3af19621de0/23ee0bb7-42a6-427c-bdba-97ebb9dd6b3f.rna_seq.genomic.gdc_realn.bam	Other AML No Mut
BA2910R	80af6428-961a-4e4f-ac16-723179ae7b9b/c3024f61-8978-4f60-81e3-5944f969dce5.rna_seq.genomic.gdc_realn.bam	Other AML No Mut
BA2911R	95c544bb-39d2-4587-8a10-aec2b060f0ae/6093b48f-385f-4faa-94f8-4180857af2c8.rna_seq.genomic.gdc_realn.bam	Other AML No Mut
BA2914R	58fe481a-edd9-4655-b399-09cfd9ecce91/c386660c-4e2e-4558-ae42-abed16bb4d79.rna_seq.genomic.gdc_realn.bam	Other AML No Mut
BA2915R	ef6bc2c1-dfbf-4612-b1b9-d5e790751281/79087c34-977a-42e7-a175-5f78867ee263.rna_seq.genomic.gdc_realn.bam	Other AML No Mut
BA2921R	7b9dc7b8-b196-48b7-b77d-641a96565dbe/4690b5f4-335f-4314-a1d0-cfa56f9591d2.rna_seq.genomic.gdc_realn.bam	Other AML No Mut
BA2922R	78b5325c-5c44-4c62-b44c-360bbf69956d/bf113155-e725-4c1b-a2ba-3c4c3f39d4b0.rna_seq.genomic.gdc_realn.bam	Other AML No Mut
BA2923R	67d29e06-e3e0-4dd9-b3a9-3f6bc04807ed/5a917700-5848-4cb3-a8e9-e42d65f89ff9.rna_seq.genomic.gdc_realn.bam	Other AML No Mut
BA2926R	4a9cbd62-03a9-4d6d-a356-17ed1d5d4f60/eeaa4eee-0045-48e9-bb04-8cbcd4260fae.rna_seq.genomic.gdc_realn.bam	Other AML No Mut
BA2928R	a6b4101c-6adb-4e38-8401-9d918ed6fad7/8d32cded-19df-4b1f-8fbb-648c660035b6.rna_seq.genomic.gdc_realn.bam	Other AML No Mut
BA2930R	ff5252fa-7a98-48b6-8e1e-648159669602/c009471c-54a8-4aa9-bfa0-13ef040acfcc.rna_seq.genomic.gdc_realn.bam	Other AML No Mut
BA2932R	124283b4-53c2-47cb-90ae-36eea17aa7a3/07e19cf7-db36-469e-a766-71d5b025d02b.rna_seq.genomic.gdc_realn.bam	Other AML No Mut
BA2934R	f1af053b-10cb-4cd9-a482-942eca1915cb/d55467be-391f-42c5-9c8e-ac5c34ce6c12.rna_seq.genomic.gdc_realn.bam	Other AML No Mut
BA2935R	3e2c4d93-9f5c-4a93-ad0d-8f436137a19f/9200724d-dca0-4c51-88f2-1d4b41b78cea.rna_seq.genomic.gdc_realn.bam	Other AML No Mut
BA2937R	4666f606-bff3-4e53-88d2-39ddae40c25e/4bf4ad1e-5476-4ace-8c23-0aa9ccae4244.rna_seq.genomic.gdc_realn.bam	Other AML No Mut
BA2939R	10ee0f13-cecc-4ec6-b475-a477156363b2/f23ad63e-781c-4270-a102-4440d7f682f5.rna_seq.genomic.gdc_realn.bam	Other AML No Mut
BA2944R	55ecd19f-1cc9-43ff-9de4-7296e2f2a3cf/a406edd5-1c12-4855-bc2f-b3f728bc5478.rna_seq.genomic.gdc_realn.bam	Other AML No Mut
BA2947R	58974222-c72b-4c49-8867-f0f1a218e8f4/2af1b1db-300c-469a-9a78-a7a44aef9459.rna_seq.genomic.gdc_realn.bam	Other AML No Mut
BA2948R	6705b83d-0c64-4f8f-b9f2-38af8f216200/291a4857-e4e3-42e0-b5fa-32768617bbad.rna_seq.genomic.gdc_realn.bam	Other AML No Mut
BA2950R	9de69ff1-875e-4c60-bb73-88614a14828d/f2f789da-a189-477d-acf1-42c221c65bbc.rna_seq.genomic.gdc_realn.bam	Other AML No Mut
BA2951R	d59e7d92-c6ae-4a8d-a0cb-96661dae8594/e2233824-f806-4001-ac46-950364431d6c.rna_seq.genomic.gdc_realn.bam	Other AML No Mut
BA2952R	d240b1a0-ceef-4d6a-adab-ea181fa0dc77/22c38900-4f95-4834-be4b-e2405106ff2b.rna_seq.genomic.gdc_realn.bam	Other AML No Mut
BA2953R	ae98c27b-4278-47c2-bc93-66e6000f0243/11d5fc9f-4480-4c0e-954f-b98251953957.rna_seq.genomic.gdc_realn.bam	Other AML No Mut
BA2955R	5640b6db-dd20-47bf-85aa-7b3d63dda56e/cb2c7ae9-126d-41b8-8493-7b6b42120ae6.rna_seq.genomic.gdc_realn.bam	Other AML No Mut
BA2956R	41ae03f6-e37c-4859-8f8b-684e63a74431/bef4acb9-d6b6-4c73-a224-d3093b121554.rna_seq.genomic.gdc_realn.bam	Other AML No Mut
BA2962R	44041572-599d-4451-b404-78a959320853/56e2a463-e50e-4cdb-9aef-f014b0f52fe5.rna_seq.genomic.gdc_realn.bam	Other AML No Mut
BA2970R	d4c84703-ea5e-48e9-992e-ef09a776b1e4/5ef2f468-d96c-4cd2-b0d0-af4c04366743.rna_seq.genomic.gdc_realn.bam	Other AML No Mut
BA2972R	edb43f5e-ab59-486a-8e1e-b49c1a1cc9e9/45e6de30-0423-4063-bc50-53132e1f3253.rna_seq.genomic.gdc_realn.bam	Other AML No Mut
BA2976R	f541f542-9efe-43e8-a8b9-f6780b216716/ac941faf-1e8a-4b98-a4dd-0c780982f92b.rna_seq.genomic.gdc_realn.bam	Other AML No Mut
BA2978R	c6a4818d-0584-4bdd-87af-1c1012b9d76e/e7d3d325-b3ce-4a97-9742-b956d2e6b7a1.rna_seq.genomic.gdc_realn.bam	Other AML No Mut
BA2981R	27e241a2-c33e-4cd2-a435-4634f86a7f32/6466ff28-8ae9-450c-b9ac-c8c0807a16e7.rna_seq.genomic.gdc_realn.bam	Other AML No Mut
BA2984R	52bffb64-aa7a-4a9d-b927-d6de5a213cd5/7e4ee06b-3cbc-4364-995f-bb04b46ecb36.rna_seq.genomic.gdc_realn.bam	Other AML No Mut
BA2986R	a96cb05f-f878-4cb3-9fde-5f9a4f5e61c9/538f0dde-da27-4323-a700-37beaa90bd79.rna_seq.genomic.gdc_realn.bam	Other AML No Mut
BA2989R	dce267f4-34e5-40e5-a89a-4e3bc226b594/517b7c4c-3cd1-4c87-bfb2-5eab95974670.rna_seq.genomic.gdc_realn.bam	Other AML No Mut
BA2992R	533abcfe-c8fd-4182-8ce7-2d13d8ba4cbd/185a2997-7811-42b2-8ef8-4d0c5f289191.rna_seq.genomic.gdc_realn.bam	Other AML No Mut
BA2993R	4636b772-a70a-4dbe-adfb-445ae1bbfb20/a25b093f-0b4b-408b-83f2-5fc577ec399b.rna_seq.genomic.gdc_realn.bam	Other AML No Mut
BA2994R	3a0906d3-1338-4734-906c-623dfc0bae1c/c1bcec35-9ccb-418b-9bf3-888957932798.rna_seq.genomic.gdc_realn.bam	Other AML No Mut
BA2995R	983a4354-b857-454a-ba89-ef6b7f04e71d/08fad03d-e4a3-4bd8-ba53-6f7856161692.rna_seq.genomic.gdc_realn.bam	Other AML No Mut
BA2999R	7176301e-4904-48e3-a5f1-2f658e141472/252d219c-cc2a-4ede-95e0-78183db51ab0.rna_seq.genomic.gdc_realn.bam	Other AML No Mut
BA3001R	64a8ddc1-bd7c-4654-8d43-e163416e2385/318131f2-8d09-44bc-8e66-ec211e8b4c26.rna_seq.genomic.gdc_realn.bam	Other AML No Mut
BA3002R	4ca836d2-8a4a-4a2b-8da9-96bf216ecea6/55264ba1-67b6-4521-83fa-0a446a8d047b.rna_seq.genomic.gdc_realn.bam	Other AML No Mut
BA3004R	2d1e4a8e-7097-4002-b225-89210a034272/17bf739e-0ece-40a2-aa9d-4d0001ba15f7.rna_seq.genomic.gdc_realn.bam	Other AML No Mut
BA3006R	963130e8-7747-4f7c-848f-84521a8d00b3/507f4621-2807-49d3-accd-092a9fa19cf1.rna_seq.genomic.gdc_realn.bam	Other AML No Mut
BA3008R	27f16d16-d6e5-4acd-bd53-8a7c9a317baa/8053c38b-adb7-4c9d-ac81-8254dc45bc4e.rna_seq.genomic.gdc_realn.bam	Other AML No Mut
BA3009R	92c4d4d5-300d-42cc-b988-a550d10caa4b/7ae95058-741b-4709-bab4-cf870747ec83.rna_seq.genomic.gdc_realn.bam	Other AML No Mut
BA3010R	579633f0-be5e-40bc-b4f1-bec12499c724/68a7f7f6-e1a2-4b46-9d90-356ad41cda8e.rna_seq.genomic.gdc_realn.bam	Other AML No Mut
BA3011R	32133261-2f49-4d60-bb07-a7bc8a23a847/a648d02c-6819-4d90-ba25-1e5c27956e23.rna_seq.genomic.gdc_realn.bam	Other AML No Mut
BA3013R	7060d97d-2240-4507-8953-b26eac370a37/29d7504f-45e4-40f2-ba7a-b8a258d4f8c2.rna_seq.genomic.gdc_realn.bam	Other AML No Mut
BA3023R	fe629dd5-3553-4fcd-a296-60ed01f231ba/21f31342-2157-44ef-a202-156d885ecef8.rna_seq.genomic.gdc_realn.bam	Other AML No Mut
BA3025R	73835405-11c9-4d50-bcf3-be3f31f08781/b3d8bd9d-1e72-4ead-ad5a-34e106455286.rna_seq.genomic.gdc_realn.bam	Other AML No Mut
BA3027R	9ed0cd64-0d07-4392-9a84-dc5f75bc5f61/702a0de5-3d34-40db-b4d3-935a90eac6f5.rna_seq.genomic.gdc_realn.bam	Other AML No Mut
BA3029R	a95721c7-8859-4cef-8d8c-275f803d82c4/91b5a64e-2ea4-4377-a9c9-b3461ff5d76d.rna_seq.genomic.gdc_realn.bam	Other AML No Mut
BA3037R	6dac13b2-ad4b-4784-b66d-9b549ee4e8ca/1cf381ba-62a0-4139-bf37-ab609eac00f5.rna_seq.genomic.gdc_realn.bam	Other AML No Mut
BA3038R	e3d2faaf-e0d0-4700-b14e-0143f5dd6a57/9c1aae09-c37b-419d-8e04-fc60004596f5.rna_seq.genomic.gdc_realn.bam	Other AML No Mut
BA3040R	7f05c99c-905b-4ece-957a-395806e6f92e/deb2f6e1-9a06-4ace-98dc-6339ae91c0ea.rna_seq.genomic.gdc_realn.bam	Other AML No Mut
BA3042R	938c8d33-5da4-4b09-a013-449ea3ecb8df/b7d52e14-2dd2-4c7b-81cf-58782f76bfc3.rna_seq.genomic.gdc_realn.bam	Other AML No Mut
BA3043R	8bce470a-3aa5-49d2-90c3-ca3eda459d6c/6f89a16d-37eb-47f7-a77b-26f4b4a0e8e3.rna_seq.genomic.gdc_realn.bam	Other AML No Mut
BA3049R	4beed4c0-e4ca-4e04-8190-055d3ec8d910/7564ddd4-66b4-4f7f-9b3d-717c208ca0d9.rna_seq.genomic.gdc_realn.bam	Other AML No Mut
BA3051R	5895f26d-9fd2-4f3b-94a0-7e4567b28b62/048e4dbb-4d0a-423f-8792-b3fa4586a6e5.rna_seq.genomic.gdc_realn.bam	Other AML No Mut
BA3053R	ed94064a-9517-4d71-b525-b71ab42ce1cb/179a7252-29fe-4e43-843e-c71fe038b01e.rna_seq.genomic.gdc_realn.bam	Other AML No Mut
BA3064R	01ad0327-43db-47cd-8d77-9eda650e40c9/d98442da-3de0-405f-8c7a-e4bd78c33b72.rna_seq.genomic.gdc_realn.bam	Other AML No Mut
BA3070R	de12460b-538b-4597-9b15-d9c557e985df/540975c7-f841-47b4-acce-61014a7af784.rna_seq.genomic.gdc_realn.bam	Other AML No Mut
BA3071R	1f472545-e944-43f4-a974-8f1009585eda/e48c3846-2a5b-40e3-9012-2d70e5925d68.rna_seq.genomic.gdc_realn.bam	Other AML No Mut
BA3072R	e4fb5593-8bff-4e03-8350-4f1a9dd24e98/e3ad1d3a-8635-459b-9a9b-4382dd1e901f.rna_seq.genomic.gdc_realn.bam	Other AML No Mut
BA3073R	327b8d81-c795-4e67-ac3d-67ef67f62616/6a419c86-6dd7-4e93-84f9-8a706980b51b.rna_seq.genomic.gdc_realn.bam	Other AML No Mut
BA3075R	012ae9d2-6bac-48fa-b4e7-4f05376a86f6/271d1b70-876e-4cce-aa5b-8ee35922ea9d.rna_seq.genomic.gdc_realn.bam	Other AML No Mut
BA3076R	f577792f-6558-428b-9fe0-395f37b374da/e0a425cf-fc85-415f-82b1-538dabde1368.rna_seq.genomic.gdc_realn.bam	Other AML No Mut
BA3077R	8fb99663-4300-4271-8371-7ba01a90eb3f/bff023d9-46e6-4293-bfc5-d30cd7257816.rna_seq.genomic.gdc_realn.bam	Other AML No Mut
